id;nome;ano;descricao;imagem;imagem_content_type;link
1;Industrial;84228;Views e-enable Communications;../fake-data/blob/hipster.png;image/png;National Awesome sky blue
2;Tactics;84453;compress South Georgia and the South Sandwich Islands;../fake-data/blob/hipster.png;image/png;compelling mission-critical
3;bifurcated scalable;16526;Industrial;../fake-data/blob/hipster.png;image/png;index orange
4;Jewelery;19884;monitor 1080p Checking Account;../fake-data/blob/hipster.png;image/png;world-class Frozen IB
5;Highway Ergonomic;37081;Lempira;../fake-data/blob/hipster.png;image/png;pixel withdrawal
6;Mississippi embrace Developer;84891;hard drive Robust Networked;../fake-data/blob/hipster.png;image/png;Poland
7;Small partnerships;20171;Dynamic;../fake-data/blob/hipster.png;image/png;knowledge base Buckinghamshire
8;Concrete Investment Account Saint Lucia;20306;Brand;../fake-data/blob/hipster.png;image/png;neutral Salad
9;Auto Loan Account modular Refined;45653;mint green e-business EXE;../fake-data/blob/hipster.png;image/png;back-end
10;granular Direct contextually-based;64769;Jewelery cutting-edge;../fake-data/blob/hipster.png;image/png;Games
